alias_name,canonical_name,notes
(Anamg,Anamg,valor literal de fuente curado sin parentesis inicial
Afri,Africa Natacion,codigo de equipo detectado en layout abreviado HY-TEK
Africa Natacion,Africa Natacion,grupo fuerte africa aplicado desde auditoria 2022-2026
AFRIN,Africa Natacion,codigo de equipo detectado en layout abreviado HY-TEK
Club Africa Natacion,Africa Natacion,grupo fuerte africa aplicado desde auditoria 2022-2026
AGUIL,Aguila Natacion,codigo de equipo detectado en layout abreviado HY-TEK
Aguila Natacion,Aguila Natacion,grupo fuerte aguila aplicado desde auditoria 2022-2026
Aqgula Natacion,Aguila Natacion,athlete-year cross-competition candidate; canonical_has_much_more_alias_support; shared=10; cross=5
Club Aguila Natación,Aguila Natacion,grupo fuerte aguila aplicado desde auditoria 2022-2026
Amarus,Amarus,canonical
Club Deportivo Amarus,Amarus,alias detectado en auditoria historica de PDFs
Andes,Andes Club,grupo fuerte andes aplicado desde auditoria 2022-2026
Andes Club,Andes Club,grupo fuerte andes aplicado desde auditoria 2022-2026
Andes Talleres,Andes Talleres Sport Club,athlete-year cross-competition candidate; canonical_more_descriptive_or_tie; shared=8; cross=1
Aquamacul,Aqua Macul,variante sin espacio detectada en auditoria manual
Aquamaster Chillan,Aquamaster Chillan,canonical
Club Aquamaster Chillan,Aquamaster Chillan,alias detectado en PDFs historicos
Aquamaster Ñuble,Aquamaster Ñuble,canonical
Aquamaster Ņuble,Aquamaster Ñuble,ene mal extraida detectada en auditoria historica 2022-2026
Asoc Dep Local Patagonia,Asociacion Deportiva Patagonia,abreviaciones
Asociacion Deportiva Patagonia,Asociacion Deportiva Patagonia,canonical
PATAG,Asociacion Deportiva Patagonia,codigo de equipo detectado en layout abreviado HY-TEK
Bswim,Bswim,grupo fuerte bswim aplicado desde auditoria 2022-2026
Club Bswim,Bswim,grupo fuerte bswim aplicado desde auditoria 2022-2026
Camaygo Copiap,Camaygo Copiapo,club truncado detectado en auditoria historica 2022-2026
Camaygo Copiapo,Camaygo Copiapo,canonical
Camaygo Master Copiapó,Camaygo Copiapo,alias detectado en auditoria historica de PDFs
Camayo Copiapo,Camaygo Copiapo,typo detectado en auditoria historica 2022-2026
Club Camaygo Copiapo,Camaygo Copiapo,grupo fuerte camaygo copiapo aplicado desde auditoria 2022-2026
Copiapo Swim,Camaygo Copiapo,athlete-year cross-competition candidate; canonical_has_much_more_alias_support; shared=2; cross=1
Carabineros,Carabineros de Chile,alias detectado en PDFs historicos
Carabineros DE Chile,Carabineros de Chile,alias de mayusculas detectado en PDFs historicos
Carabineros de Chile,Carabineros de Chile,canonical
Chungungo Swim,Chungungo Swim Team,grupo fuerte chungungo aplicado desde auditoria 2022-2026
Chungungo Swim Team,Chungungo Swim Team,grupo fuerte chungungo aplicado desde auditoria 2022-2026
100 por Ciento Swim,Cien por Ciento Swim,alias detectado entre competencias 2026
Cien por Ciento Swim,Cien por Ciento Swim,canonical
Club Deportivo Aleman de Valp,Club Aleman Valparaiso,abreviatura Valp detectada en auditoria manual
Amateur Natacion Talca,Club Amateur Natacion Talca,alias detectado en PDFs historicos
Club Amateur Natacion,Club Amateur Natacion Talca,athlete-year cross-competition candidate; canonical_has_much_more_alias_support; shared=14; cross=4
Club Amateur Natacion Talca,Club Amateur Natacion Talca,canonical
Club Natacion Amateur Talca,Club Amateur Natacion Talca,alias detectado en PDFs historicos
TALCA,Club Amateur Natacion Talca,codigo de equipo detectado en layout abreviado HY-TEK
Atr Valdivia,Club Atr Valdivia,alias detectado en PDFs historicos
Club Atr Valdivia,Club Atr Valdivia,canonical
Azul Natacion Mendoza,Club Azul Natacion Mendoza,alias detectado entre competencias 2026
Club Azul Natacion Mendoza,Club Azul Natacion Mendoza,canonical
Chicureo,Club Chicureo,grupo fuerte chicureo aplicado desde auditoria 2022-2026
Club Chicureo,Club Chicureo,grupo fuerte chicureo aplicado desde auditoria 2022-2026
Centro Acuatico Colina,Club de Natacion Colina,athlete-year cross-competition candidate; canonical_has_much_more_alias_support; shared=6; cross=11
Club de Natacion Colina,Club de Natacion Colina,canonical
Club Dep Natación Colina,Club de Natacion Colina,abreviatura detectada en auditoria historica 2022-2026
Club Natacioén Colina,Club de Natacion Colina,tilde mal extraida detectada en auditoria historica 2022-2026
Club Natacion Colina,Club de Natacion Colina,alias detectado en PDFs historicos
COLIN,Club de Natacion Colina,codigo de equipo detectado en layout abreviado HY-TEK
Colina,Club de Natacion Colina,grupo fuerte colina aplicado desde auditoria 2022-2026
Master Natacioán Colina,Club de Natacion Colina,alias con tilde mal extraida detectado en PDFs historicos
Master Natacion Colina,Club de Natacion Colina,alias detectado en PDFs historicos
Club D de Nat de Constitucion,Club de Natacion Constitucion,abreviatura detectada
Club DE Natacion Constitucion,Club de Natacion Constitucion,alias de mayusculas detectado en PDFs historicos
Club de Natacion Constitucion,Club de Natacion Constitucion,canonical
Club Dpto Constitucion,Club de Natacion Constitucion,abreviatura detectada en auditoria FCHMN 2025
Club Natacion Constitucion,Club de Natacion Constitucion,alias detectado en PDFs historicos
Club de Natacion Mako´s,Club de Natacion Makos,apostrofe detectado en auditoria historica 2022-2026
Club DE Natacion Makos,Club de Natacion Makos,mayusculas de preposicion detectadas en auditoria historica 2022-2026
Club Natacion Makos,Club de Natacion Makos,prefijo abreviado detectado en auditoria historica 2022-2026
Makos,Club de Natacion Makos,alias corto detectado en auditoria historica 2022-2026
Makos Viña del Mar,Club de Natacion Makos,athlete-year cross-competition candidate; canonical_has_much_more_alias_support; shared=11; cross=4
Club Deportivo Mayor,Club Deportivo Mayor,canonical
Estadio Mayor,Club Deportivo Mayor,curated athlete-year cross-competition relation; shared=6; cross=6; remapped from previous canonical Estadio Mayor
Estadio Mayor Master,Club Deportivo Mayor,alias detectado en auditoria historica de PDFs; canonical group collapsed from Estadio Mayor
Master Mayor,Club Deportivo Mayor,alias detectado en auditoria historica de PDFs
Club Dpto Recreativo,Club Deportivo Recreativo,abreviatura dpto detectada en auditoria manual
CD Universidad Catolica,Club Deportivo UC,alias detectado en PDFs historicos
CDUC,Club Deportivo UC,codigo de equipo detectado en layout abreviado HY-TEK
Club Deportivo UC,Club Deportivo UC,canonical
Club Dpto Universidad Catolica,Club Deportivo UC,abreviatura dpto detectada en auditoria historica 2022-2026
Club Universidad Catolica Mas,Club Deportivo UC,master truncado detectado en auditoria historica 2022-2026
uc Master,Club Deportivo UC,athlete-year cross-competition candidate; canonical_has_much_more_alias_support; shared=2; cross=4
UCMAS,Club Deportivo UC,curated athlete-year cross-competition relation; shared=17; cross=16
Universidad Catolica,Club Deportivo UC,alias detectado en PDFs historicos
Universidad Catolica Master,Club Deportivo UC,alias detectado en PDFs historicos
Club Deportivo U San Sebastian,Club Deportivo Universidad San Sebastian,abreviatura detectada en auditoria historica 2022-2026
Club Deportivo Universidad San Sebastian,Club Deportivo Universidad San Sebastian,canonical
Club Dpto Univ San Sebastian,Club Deportivo Universidad San Sebastian,abreviatura dpto/univ detectada en auditoria historica 2022-2026
Club H20,Club H2o,alias detectado en PDFs historicos
Club H2o,Club H2o,alias detectado en PDFs historicos
H2o,Club H2o,canonical
Club El Libertador,Club Libertador,athlete-year cross-competition candidate; canonical_has_much_more_alias_support; shared=5; cross=9
Club Libertador,Club Libertador,grupo fuerte libertador aplicado desde auditoria 2022-2026
LIBER,Club Libertador,codigo de equipo detectado en layout abreviado HY-TEK
Libertado,Club Libertador,athlete-year cross-competition candidate; canonical_has_much_more_alias_support; shared=2; cross=7
Libertador,Club Libertador,grupo fuerte libertador aplicado desde auditoria 2022-2026
Club DE Natacion Araucania,Club Natacion Araucania,alias de mayusculas detectado en PDFs historicos
Club Dep Natacion Araucania,Club Natacion Araucania,abreviatura detectada en auditoria FCHMN 2025
Club Natacion Araucania,Club Natacion Araucania,canonical
Club Deportivo Ufro,Club Natacion Ufro,variante deportivo/natacion detectada en auditoria manual
Club Natacion Ufro,Club Natacion Ufro,grupo fuerte ufro aplicado desde auditoria 2022-2026
Natacion Master Ufro,Club Natacion Ufro,grupo fuerte ufro aplicado desde auditoria 2022-2026
Club R,Club Recrear,curated athlete-year cross-competition relation; shared=9; cross=10
Club RC,Club Recrear,athlete-year cross-competition candidate; canonical_has_much_more_alias_support; shared=6; cross=4
Club Recrear,Club Recrear,grupo fuerte recrear aplicado desde auditoria 2022-2026
Club Recrear Macul,Club Recrear,sede/localidad detectada en auditoria manual
RECRE,Club Recrear,codigo de equipo detectado en layout abreviado HY-TEK
Recrear,Club Recrear,grupo fuerte recrear aplicado desde auditoria 2022-2026
Sparta Social Club,Club Sparta A C,athlete-year cross-competition candidate; canonical_more_descriptive_or_tie; shared=3; cross=1
Club Condrictios Team,Condrictios Team,grupo fuerte condrictios aplicado desde auditoria 2022-2026
Condictrios Team,Condrictios Team,typo detectado en auditoria historica 2022-2026
Condrictios Team,Condrictios Team,canonical
Condrictios Team Master,Condrictios Team,alias detectado en PDFs historicos
CONDT,Condrictios Team,codigo de equipo detectado en layout abreviado HY-TEK
Club CS Maipu,CS Maipu,grupo fuerte cs maipu aplicado desde auditoria 2022-2026
Club Natacion CS Maipu,CS Maipu,grupo fuerte cs maipu aplicado desde auditoria 2022-2026
CS Maipu,CS Maipu,canonical
CSMAI,CS Maipu,codigo de equipo detectado en layout abreviado HY-TEK
MAIPU,CS Maipu,codigo de equipo detectado en layout abreviado HY-TEK
Natacion CS Maipu,CS Maipu,alias detectado en PDFs historicos
Club Delfines DE Las Condes,Delfines de las Condes,prefijo club detectado en auditoria historica 2022-2026
Club Delfines de Las Condes,Delfines de las Condes,prefijo club detectado en auditoria historica 2022-2026
DELFI,Delfines de las Condes,codigo de equipo detectado en layout abreviado HY-TEK
Delfines de las Condes,Delfines de las Condes,canonical
Delfines DE Las Condes,Delfines de las Condes,capitalizacion alternativa
Club Delfines DE Villa Alemana,Delfines de Villa Alemana,prefijo club detectado en auditoria historica 2022-2026
Club Delfines de Villa Alemana,Delfines de Villa Alemana,prefijo club detectado en auditoria historica 2022-2026
Delfines DE Villa Alemana,Delfines de Villa Alemana,alias de mayusculas detectado en PDFs historicos
Delfines de Villa Alemana,Delfines de Villa Alemana,canonical
Delfines Villa Alemana,Delfines de Villa Alemana,alias detectado en PDFs historicos
Delfines Viña Alemana,Delfines de Villa Alemana,athlete-year cross-competition candidate; canonical_has_much_more_alias_support; shared=11; cross=4
DELVA,Delfines de Villa Alemana,codigo de equipo detectado en layout abreviado HY-TEK
Vitacura Deportes,Deportes Vitacura,athlete-year cross-competition candidate; canonical_more_descriptive_or_tie; shared=2; cross=2
Club Efecto Peruga,Efecto Peruga,grupo fuerte efecto peruga aplicado desde auditoria 2022-2026
EFECT,Efecto Peruga,codigo de equipo detectado en layout abreviado HY-TEK
Efecto Peruga,Efecto Peruga,grupo fuerte efecto peruga aplicado desde auditoria 2022-2026
EFESP,Efecto Peruga,codigo de equipo detectado en layout abreviado HY-TEK
PERU,Efecto Peruga,codigo de equipo detectado en layout abreviado HY-TEK
Club Elite Sport,Elite Sports,singular detectado en auditoria historica 2022-2026
Club Elite Sports,Elite Sports,prefijo club detectado en auditoria historica 2022-2026
ELITE,Elite Sports,grupo fuerte elite aplicado desde auditoria 2022-2026
ELITE Sports,Elite Sports,codigo de equipo detectado en layout abreviado HY-TEK
Elite Sports Management,Elite Sports,sufijo management detectado en auditoria manual
Elite Swim,Elite Sports,grupo fuerte elite aplicado desde auditoria 2022-2026
Club Energy Swim Concepcioán,Energy Swim,alias con tilde mal extraida detectado en PDFs historicos; canonical group collapsed from Energy Swim Concepcion
Energy Swim,Energy Swim,canonical
Energy Swim Concepcion,Energy Swim,curated athlete-year cross-competition relation; shared=7; cross=18; remapped from previous canonical Energy Swim Concepcion
Energyswim,Energy Swim,alias sin espacio detectado en PDFs historicos
Energyswim Concepcion,Energy Swim,alias sin espacio detectado en auditoria historica 2022-2026; canonical group collapsed from Energy Swim Concepcion
Escuela Pdi,Escuela PDI,athlete-year cross-competition candidate; expanded existing alias group from Pdi; shared=30; cross=2
Pdi,Escuela PDI,grupo fuerte pdi aplicado desde auditoria 2022-2026
Pdi Natacion,Escuela PDI,grupo fuerte pdi aplicado desde auditoria 2022-2026
Club Estadio Español,Estadio Español,prefijo club detectado en auditoria historica 2022-2026
Club Estadio Español Master,Estadio Español,prefijo club y master detectados en auditoria historica 2022-2026
EE MA,Estadio Español,codigo de equipo detectado en layout abreviado HY-TEK
EEMAS,Estadio Español,codigo de equipo detectado en layout abreviado HY-TEK
Estadio Espanol,Estadio Español,alias sin eñe/tilde detectado en PDFs historicos
Estadio Español,Estadio Español,canonical
Estadio Espanol Master,Estadio Español,alias sin eñe/tilde detectado en PDFs historicos
Estadio Español Master,Estadio Español,canonical
Estadio Español Master-ZZ,Estadio Español,sufijo de equipo pegado al club detectado en auditoria FCHMN 2025
EISRA,Estadio Israelita,codigo de equipo detectado en layout abreviado HY-TEK
Estadio Istaerlita,Estadio Israelita,canonical - posible error de tipeo en la coppa italia 2026
ISRA,Estadio Israelita,codigo de equipo detectado en layout abreviado HY-TEK
Club Deportivo Fullmar,Fullmar Viña del Mar,alias detectado en auditoria historica de PDFs
Club Fullmar de Viña del mar,Fullmar Viña del Mar,grupo fuerte fullmar vina mar aplicado desde auditoria 2022-2026
FMAR,Fullmar Viña del Mar,codigo de equipo detectado en layout abreviado HY-TEK
Full Mar Viña del Mar,Fullmar Viña del Mar,athlete-year cross-competition candidate; canonical_has_much_more_alias_support; shared=2; cross=19
FULLM,Fullmar Viña del Mar,codigo de equipo detectado en layout abreviado HY-TEK
Fullman Chile,Fullmar Viña del Mar,athlete-year cross-competition candidate; canonical_has_much_more_alias_support; shared=2; cross=9
Fullmar,Fullmar Viña del Mar,canonical
Fullmar Chile,Fullmar Viña del Mar,alias detectado en auditoria historica de PDFs
Fullmar Viña,Fullmar Viña del Mar,alias detectado en auditoria FCHMN 2025
Fullmar Vina,Fullmar Viña del Mar,alias sin tilde detectado en auditoria FCHMN 2025
Fullmar Viña del Mar,Fullmar Viña del Mar,grupo fuerte fullmar vina mar aplicado desde auditoria 2022-2026
Club Golden,Golden,prefijo club detectado en auditoria historica 2022-2026
Club Golden Swim,Golden,prefijo club detectado en auditoria historica 2022-2026
GOLDE,Golden,club truncado detectado en auditoria historica 2022-2026
Golden,Golden,canonical
Golden Swim,Golden,alias detectado en PDFs historicos
Golden Swim Team,Golden,alias detectado en PDFs historicos
Club Goura Swim Team,Goura Swim Team,grupo fuerte goura aplicado desde auditoria 2022-2026
GOURA,Goura Swim Team,abreviatura detectada en auditoria historica 2022-2026
Goura Swim Team,Goura Swim Team,grupo fuerte goura aplicado desde auditoria 2022-2026
Gst,Goura Swim Team,athlete-year cross-competition candidate; canonical_has_much_more_alias_support; shared=2; cross=6
Green Club,Green Club,canonical
Green Club Natacion Master,Green Club,alias detectado en PDFs historicos
IRON,Iron Swim Master,grupo fuerte iron aplicado desde auditoria 2022-2026
Iron Swim,Iron Swim Master,alias detectado en PDFs historicos
Iron Swim Master,Iron Swim Master,alias detectado entre competencias 2026
Ironswim,Iron Swim Master,alias detectado en PDFs historicos
Ironswim Master,Iron Swim Master,canonical
Club Koy Aike,Koy Aike,alias detectado en auditoria historica de PDFs
Club Koyaique,Koy Aike,typo detectado en auditoria FCHMN 2026
koy Aike,Koy Aike,canonical
Club Lo que Boto La Ola,Lo Que Boto La Ola,grupo fuerte lo que boto ola aplicado desde auditoria 2022-2026
Lo Que Boto La Ola,Lo Que Boto La Ola,canonical
Lqblo,Lo Que Boto La Ola,abreviatura detectada en PDFs historicos
Club Lozada Swim,Lozada Swim Team,prefijo club y nombre abreviado detectados en auditoria historica 2022-2026
Club Lozada Swim Team,Lozada Swim Team,prefijo club detectado en auditoria historica 2022-2026
LOZAD,Lozada Swim Team,codigo de equipo detectado en layout abreviado HY-TEK
Lozada,Lozada Swim Team,nombre abreviado detectado en auditoria historica 2022-2026
Lozada Swim,Lozada Swim Team,nombre abreviado detectado en auditoria historica 2022-2026
Club Manateam,Manateam Swim,grupo fuerte manateam aplicado desde auditoria 2022-2026
MANAT,Manateam Swim,codigo de equipo detectado en layout abreviado HY-TEK
Manateam,Manateam Swim,grupo fuerte manateam aplicado desde auditoria 2022-2026
Manateam Swim,Manateam Swim,canonical
Manateam Swim-AN,Manateam Swim,sufijo de equipo pegado al club detectado en auditoria FCHMN 2025
Manateam Swim Team,Manateam Swim,alias detectado en PDFs historicos
ACONC,Master Aconcagua,codigo de equipo detectado en layout abreviado HY-TEK
Aconcagua Master,Master Aconcagua,alias detectado en auditoria historica de PDFs
Club Master Aconcagua,Master Aconcagua,grupo fuerte aconcagua aplicado desde auditoria 2022-2026
Master Aconcagua,Master Aconcagua,canonical
Club Master del Nielol,Master del Ñielol,alias detectado en PDFs historicos
Club Master Nielol,Master del Ñielol,alias detectado en PDFs historicos
Clun Master Del Nielol,Master del Ñielol,typo detectado en PDFs historicos
Master del Nielol,Master del Ñielol,alias sin eñe detectado en PDFs historicos
Master del Ñielol,Master del Ñielol,canonical
Master Nielol,Master del Ñielol,alias detectado en PDFs historicos
Nielol,Master del Ñielol,alias detectado en PDFs historicos
Club Master Iquique,Master Iquique,alias detectado en PDFs historicos
IQUI,Master Iquique,codigo de equipo detectado en layout abreviado HY-TEK
Iquique,Master Iquique,grupo fuerte iquique aplicado desde auditoria 2022-2026
Master Iquique,Master Iquique,canonical
Club Dep Master Magallanes,Master Magallanes,abreviatura detectada en auditoria historica 2022-2026
Club Deportivo Mast Magallanes,Master Magallanes,master truncado detectado en auditoria historica 2022-2026
Club Master Magallanes,Master Magallanes,prefijo club detectado en auditoria historica 2022-2026
Magal,Master Magallanes,abreviatura confirmada por atletas compartidos con Master Magallanes
Club Deportivo Manquehue,Master Manquehue,alias detectado en auditoria historica de PDFs
Club Manquehue,Master Manquehue,grupo fuerte manquehue aplicado desde auditoria 2022-2026
MANQ,Master Manquehue,codigo de equipo detectado en layout abreviado HY-TEK
Manquehue,Master Manquehue,grupo fuerte manquehue aplicado desde auditoria 2022-2026
Manquehue Master,Master Manquehue,grupo fuerte manquehue aplicado desde auditoria 2022-2026
Master Manquehue,Master Manquehue,canonical
Mantarrayas Arica,Master Mantarrayas Arica,alias detectado en auditoria historica de PDFs
Master Mantarrayas Arica,Master Mantarrayas Arica,canonical
Master Ñuble,Master Ñuble,canonical
Team Master Ñuble,Master Ñuble,alias detectado en auditoria historica de PDFs
Club Master Providencia,Master Providencia,grupo fuerte providencia aplicado desde auditoria 2022-2026
Master Providencia,Master Providencia,canonical
Master Providencia Chile,Master Providencia,alias detectado entre competencias 2026
MPROV,Master Providencia,abreviatura detectada en auditoria historica 2022-2026
Club Master San Bernardo,Master San Bernardo,prefijo club detectado en auditoria historica 2022-2026
Master San Bernanrdo,Master San Bernardo,typo detectado en auditoria historica 2022-2026
Master San Bernardo,Master San Bernardo,canonical
Master San Bernardo-NI,Master San Bernardo,sufijo de equipo pegado al club detectado en auditoria FCHMN 2025
MSBDO,Master San Bernardo,codigo de equipo sin eñe detectado en layout abreviado HY-TEK
Natación Master San Bdo,Master San Bernardo,athlete-year cross-competition candidate; canonical_has_much_more_alias_support; shared=68; cross=11
Natacion Master San Bernardo,Master San Bernardo,alias detectado en PDFs historicos
san Bernardo,Master San Bernardo,grupo fuerte san bernardo aplicado desde auditoria 2022-2026
SANBE,Master San Bernardo,codigo de equipo sin eñe detectado en layout abreviado HY-TEK
Club DE Natacion Master U Chil,Master Universidad de Chile,alias detectado en PDFs historicos
Club Master Natacion Uch,Master Universidad de Chile,alias detectado en PDFs historicos
Club Universidad de Chile Mast,Master Universidad de Chile,athlete-year cross-competition candidate; canonical_has_much_more_alias_support; shared=22; cross=8
Master Natacion U de Chile,Master Universidad de Chile,alias detectado en PDFs historicos
Master U de Chile,Master Universidad de Chile,alias detectado en PDFs historicos
Master Univ de Chile,Master Universidad de Chile,alias detectado en PDFs historicos
Master Universidad de Chile,Master Universidad de Chile,canonical
MUCH,Master Universidad de Chile,codigo de equipo detectado en layout abreviado HY-TEK
Natacion Master U de Chile,Master Universidad de Chile,alias detectado en PDFs historicos
NMUCH,Master Universidad de Chile,codigo de equipo detectado en layout abreviado HY-TEK
Universidad DE Chile Master,Master Universidad de Chile,alias detectado en PDFs historicos
Universidad de Chile Master,Master Universidad de Chile,alias detectado en PDFs historicos
Uchile Master,Master Universidad de Chile,alias detectado en PDFs historicos
Club de Natación Master Viña,Master Viña,alias con tilde normalizada detectado en auditoria historica de PDFs
Master Viña,Master Viña,canonical
Master Vina Eliana Busch,Master Viña,athlete-year cross-competition candidate; expanded existing alias group from Master Viña; shared=5; cross=3
Natacion Master Viña Eliana B,Master Viña,athlete-year cross-competition candidate; expanded existing alias group from Master Viña; shared=8; cross=3
Natación Master Viña Eliana Bu,Master Viña,athlete-year cross-competition candidate; direct canonical after curated candidate review
Natacion Master Viña Eliana BU,Master Viña,athlete-year cross-competition candidate; expanded existing alias group from Master Viña; shared=5; cross=3
Deportes Vitacura,Master Vitacura,athlete-year cross-competition candidate; canonical_has_much_more_alias_support; shared=6; cross=5
Master Vitacura,Master Vitacura,canonical
Master Vitacura Swim,Master Vitacura,alias detectado entre competencias 2026
Vitacura,Master Vitacura,alias detectado en auditoria historica de PDFs
Club Deportivo Maule Sport,Maule Sport,athlete-year cross-competition candidate; expanded existing alias group from Maule Sport; shared=3; cross=2
Club Maule Sport,Maule Sport,grupo fuerte maule sport aplicado desde auditoria 2022-2026
Maule Sport,Maule Sport,grupo fuerte maule sport aplicado desde auditoria 2022-2026
Maule Sport Deporte,Maule Sport,athlete-year cross-competition candidate; expanded existing alias group from Maule Sport; shared=4; cross=1
Club Mayor Coquimbo,Mayor Coquimbo,alias detectado en auditoria historica de PDFs
Mayor Coquimbo,Mayor Coquimbo,canonical
MCOQU,Mayor Coquimbo,codigo de equipo detectado en layout abreviado HY-TEK
Club MillaRhe,Millarhe Natacion Master,grupo fuerte millarhe aplicado desde auditoria 2022-2026
Club MillaRhe de Natación Mast,Millarhe Natacion Master,athlete-year cross-competition candidate; canonical_has_much_more_alias_support; shared=2; cross=7
Club Millarhe Natacion Master,Millarhe Natacion Master,prefijo club detectado en auditoria historica 2022-2026
MILLA,Millarhe Natacion Master,abreviatura detectada en auditoria historica 2022-2026
Millahire,Millarhe Natacion Master,typo detectado en auditoria manual
Millahre Natación Master,Millarhe Natacion Master,typo detectado en auditoria historica 2022-2026
Millarhe Natacioán Master,Millarhe Natacion Master,alias con tilde mal extraida detectado en PDFs historicos
Millarhe Natacion,Millarhe Natacion Master,alias detectado en PDFs historicos
Millarhe Natacion Master,Millarhe Natacion Master,canonical
Millarhe Natacioón Master,Millarhe Natacion Master,alias con tilde mal extraida detectado en PDFs historicos
Club DE Natacion Graneros,Natacion Graneros,grupo fuerte graneros aplicado desde auditoria 2022-2026
Club Natacion Graneros,Natacion Graneros,grupo fuerte graneros aplicado desde auditoria 2022-2026
Clud de Natacion Graneros,Natacion Graneros,athlete-year cross-competition candidate; canonical_has_much_more_alias_support; shared=2; cross=6
GRANE,Natacion Graneros,codigo de equipo detectado en layout abreviado HY-TEK
Natacion Graneros,Natacion Graneros,grupo fuerte graneros aplicado desde auditoria 2022-2026
NGRAN,Natacion Graneros,codigo de equipo detectado en layout abreviado HY-TEK
Natación Lo Prado,Natacion Lo Prado,athlete-year cross-competition candidate; canonical_more_descriptive_or_tie; shared=7; cross=1
Club de Natación Los Lagos,Natacion Los Lagos,alias con tilde normalizada detectado en auditoria historica de PDFs
Club Los Lagos,Natacion Los Lagos,alias detectado en auditoria historica de PDFs
Club Natacion Los Lagos,Natacion Los Lagos,grupo fuerte lagos aplicado desde auditoria 2022-2026
CNLAG,Natacion Los Lagos,codigo de equipo detectado en layout abreviado HY-TEK
LAGOS,Natacion Los Lagos,grupo fuerte lagos aplicado desde auditoria 2022-2026
Master Los Lagos,Natacion Los Lagos,grupo fuerte lagos aplicado desde auditoria 2022-2026
Natacion Los Lagos,Natacion Los Lagos,canonical
Club DE Natacion Buin,Natacion Master Buin,grupo fuerte buin aplicado desde auditoria 2022-2026
Club Master Natacioán Buin,Natacion Master Buin,alias con tilde mal extraida detectado en PDFs historicos
Club Master Natacion Buin,Natacion Master Buin,alias detectado en PDFs historicos
Club Master Natacioón Buin,Natacion Master Buin,alias con tilde mal extraida detectado en PDFs historicos
Club Natacion Buin,Natacion Master Buin,grupo fuerte buin aplicado desde auditoria 2022-2026
Club Natacion Master Buin,Natacion Master Buin,alias detectado en PDFs historicos
Master Buin,Natacion Master Buin,alias detectado en VI Torneo Smart Swim Team 2025
Master Natacion Buin,Natacion Master Buin,alias detectado en PDFs historicos
Natacion Buin,Natacion Master Buin,alias detectado entre competencias 2026
Natacion Master Buin,Natacion Master Buin,canonical
NBUIN,Natacion Master Buin,codigo de equipo detectado en layout abreviado HY-TEK
Club Master Recoleta,Natacion Master Recoleta,grupo fuerte recoleta aplicado desde auditoria 2022-2026
Club Natacion Master Recoleta,Natacion Master Recoleta,prefijo club detectado en auditoria historica 2022-2026
Master Recoelta,Natacion Master Recoleta,typo detectado en PDFs historicos
Master Recoleta,Natacion Master Recoleta,alias detectado en PDFs historicos
MRECO,Natacion Master Recoleta,codigo de equipo detectado en layout abreviado HY-TEK
Natacioán Master Recoleta,Natacion Master Recoleta,alias con tilde mal extraida detectado en PDFs historicos
Natacion Master Recoleta,Natacion Master Recoleta,canonical
Natacion Recoleta,Natacion Master Recoleta,alias detectado en PDFs historicos
Natacioón Master Recoleta,Natacion Master Recoleta,alias con tilde mal extraida detectado en PDFs historicos
NRECO,Natacion Master Recoleta,codigo de equipo detectado en layout abreviado HY-TEK
RECOL,Natacion Master Recoleta,codigo de equipo detectado en layout abreviado HY-TEK
Natacion Neurodivergente,Natacion Neurodivergente,canonical
Natacion Neurodivergentes,Natacion Neurodivergente,plural alternativo detectado en auditoria FCHMN 2025
Neurodivergente,Natacion Neurodivergente,alias detectado en PDFs historicos
Club Nautilius,Nautilus Viña Del Mar,athlete-year cross-competition candidate; canonical_more_descriptive_or_tie; shared=2; cross=1
NAUTI,Nautilus Viña Del Mar,codigo HY-TEK confirmado por atletas compartidos 2022 con Nautilus Viña Del Mar
Nautilus Master,Nautilus Viña Del Mar,variante master detectada en auditoria manual
Numancia,Numancia,grupo fuerte numancia aplicado desde auditoria 2022-2026
Numancia Master,Numancia,grupo fuerte numancia aplicado desde auditoria 2022-2026
Club Natacioán Ñuñoa Master,Ñuñoa Master,alias con tilde mal extraida detectado en Copa Nunoa Master 2025
Club Natación Ñuñoa Master,Ñuñoa Master,alias con tilde normalizada detectado en auditoria historica de PDFs
Club Nunoa Master,Ñuñoa Master,alias sin eñe detectado en auditoria historica 2022-2026
Club Ñuñoa Master,Ñuñoa Master,prefijo club detectado en auditoria historica 2022-2026
Master Ñuñoa,Ñuñoa Master,alias detectado en PDFs historicos
NUMAS,Ñuñoa Master,abreviatura detectada en auditoria historica 2022-2026
ÑUÑOA,Ñuñoa Master,codigo de equipo detectado en layout abreviado HY-TEK
NUNOA,Ñuñoa Master,codigo de equipo sin eñe detectado en layout abreviado HY-TEK
Nunoa Master,Ñuñoa Master,alias sin eñe detectado entre competencias 2026
Ñuñoa Master,Ñuñoa Master,canonical
Orinoco,Orinoco Swim,alias detectado en PDFs historicos
Orinoco Swim,Orinoco Swim,canonical
Orinoco Swim 23,Orinoco Swim,sufijo numerico pegado al club detectado en auditoria FCHMN 2025
Orinoco Swim Team,Orinoco Swim,alias detectado entre competencias 2026
Orinocoswim23,Orinoco Swim,sufijo numerico y espacio omitido detectados en auditoria historica 2022-2026
Club Pato Cornejo,Pato Cornejo,alias detectado en auditoria historica de PDFs
Pato Cornejo,Pato Cornejo,canonical
Pdro Aguirre Cerda,Pedro Aguirre Cerda,athlete-year cross-competition candidate; canonical_more_descriptive_or_tie; shared=3; cross=3
Club Peñalolen Master,Peñalolen Master,grupo fuerte penalolen aplicado desde auditoria 2022-2026
Master Peñalolen,Peñalolen Master,alias detectado en PDFs historicos
PEMAS,Peñalolen Master,codigo de equipo detectado en layout abreviado HY-TEK
Penalolen Master,Peñalolen Master,alias sin eñe detectado entre competencias 2026
Peñalolen Master,Peñalolen Master,canonical
Penanolen Master,Peñalolen Master,typo detectado en PDFs historicos
Master Puerto Varas,Puerto Varas,alias detectado en auditoria historica de PDFs
Puerto Varas,Puerto Varas,canonical
Rama de Natacioán El Bosque,Rama Natacion El Bosque,alias con tilde mal extraida detectado en PDFs historicos
Rama de Natación El Bosque,Rama Natacion El Bosque,alias con tilde normalizada detectado en auditoria historica de PDFs
Rama el Bosque,Rama Natacion El Bosque,alias detectado en PDFs historicos
Rama Natacion El Bosque,Rama Natacion El Bosque,canonical
Club Salmon Swim,Salmón Swim,grupo fuerte salmon aplicado desde auditoria 2022-2026
SALMO,Salmón Swim,codigo de equipo detectado en layout abreviado HY-TEK
Salmoán Swim,Salmón Swim,typo/tilde detectado en auditoria manual
Salmon Swim,Salmón Swim,alias sin tilde detectado en auditoria historica 2022-2026
Salmón Swim,Salmón Swim,canonical
Salomon Swim,Salmón Swim,athlete-year cross-competition candidate; canonical_has_much_more_alias_support; shared=7; cross=8
Club Santiago Deporte,Santiago Deporte,grupo fuerte santiago deporte aplicado desde auditoria 2022-2026
Santiago Deporte,Santiago Deporte,canonical
Santiago Deportes,Santiago Deporte,plural alternativo detectado en auditoria historica 2022-2026
SDEPO,Santiago Deporte,codigo de equipo detectado en layout abreviado HY-TEK
STGOD,Santiago Deporte,codigo de equipo detectado en layout abreviado HY-TEK
No Afiliado,Sin Club o Afiliacion,variedad
Noafi,Sin Club o Afiliacion,variedad
Sin Afiliacion,Sin Club o Afiliacion,canonical
Sin Club,Sin Club o Afiliacion,variedad
Club Smart Swim Team,Smart Swim Team,grupo fuerte smart aplicado desde auditoria 2022-2026
SMART,Smart Swim Team,grupo fuerte smart aplicado desde auditoria 2022-2026
Smart Swim Team,Smart Swim Team,canonical
Smart Swim Team-Chile,Smart Swim Team,sufijo pais detectado en auditoria historica 2022-2026
Smart Swin Team,Smart Swim Team,typo swin/swim detectado en auditoria manual
Smartswim,Smart Swim Team,variante sin espacio detectada en auditoria manual
SQUAD,Squadra Pro Swim,codigo de equipo detectado en layout abreviado HY-TEK
Squadra Pro Swim,Squadra Pro Swim,canonical
Squadra Proswim,Squadra Pro Swim,espacio omitido detectado en auditoria historica 2022-2026
Stade Francais,Stade Francais,canonical
Stade Frances,Stade Francais,alias sin cedilla detectado en auditoria historica 2022-2026
Stade Francias,Stade Francais,athlete-year cross-competition candidate; canonical_more_descriptive_or_tie; shared=7; cross=6
Club Stadio Italiano Master,Stadio Italiano,grupo fuerte stadio italiano aplicado desde auditoria 2022-2026
SIMAS,Stadio Italiano,codigo de equipo sin eñe detectado en layout abreviado HY-TEK
Stadio Italiano,Stadio Italiano,canonical
Stadio Italiano Master,Stadio Italiano,canonical
Sve Hamburg,Sve Hamburgo,traduccion/variante ciudad detectada en auditoria manual
Team Pili Caviedes,Team Pili Caviedes,canonical
Team Pilly Caviedes,Team Pili Caviedes,error en nombre
Club Tiburones Curico,Tiburones de Curico,grupo fuerte tiburones curico aplicado desde auditoria 2022-2026
Club Tiburones de Curico,Tiburones de Curico,prefijo club detectado en auditoria historica 2022-2026
TIBUC,Tiburones de Curico,codigo de equipo detectado en layout abreviado HY-TEK
TIBUR,Tiburones de Curico,codigo de equipo detectado en layout abreviado HY-TEK
Tiburones Curico,Tiburones de Curico,alias detectado en PDFs historicos
Tiburones DE Curico,Tiburones de Curico,alias de mayusculas detectado en PDFs historicos
Tiburones de Curico,Tiburones de Curico,canonical
Club las Toninas de Aysen,Toninas de Aysen,grupo fuerte toninas aysen aplicado desde auditoria 2022-2026
Club Toninas De Aysen,Toninas de Aysen,alias detectado en PDFs historicos
Toninas Aysen,Toninas de Aysen,alias detectado en PDFs historicos
Toninas de Aysen,Toninas de Aysen,canonical
Toninas,Toninas Swim Team,alias detectado en auditoria historica de PDFs
Toninas Swim Team,Toninas Swim Team,canonical
Toninas Swm Team,Toninas Swim Team,typo detectado en auditoria historica 2022-2026
Triton Master,Triton Master Temuco,athlete-year cross-competition candidate; canonical_more_descriptive_or_tie; shared=11; cross=1
Club Tritones,Tritones,grupo fuerte tritones aplicado desde auditoria 2022-2026
Tritones,Tritones,grupo fuerte tritones aplicado desde auditoria 2022-2026
UC Maule,Universidad Catolica Del Maule,abreviatura confirmada por atleta compartido 2022
UCM,Universidad Catolica Del Maule,codigo HY-TEK confirmado por atleta compartido 2022; no corresponde a UC ni U. de Chile
UCMAU,Universidad Catolica Del Maule,codigo HY-TEK confirmado por atleta compartido 2022 con UC Maule/Universidad Catolica del Maule
Club Universidad DE Concepcion,Universidad de Concepcion,grupo fuerte universidad concepcion aplicado desde auditoria 2022-2026
UDECO,Universidad de Concepcion,codigo de equipo detectado en layout abreviado HY-TEK
Universidad de Concepcion,Universidad de Concepcion,grupo fuerte universidad concepcion aplicado desde auditoria 2022-2026
Club Unlimiti,Unlimit Chile,athlete-year cross-competition candidate; canonical_more_descriptive_or_tie; shared=3; cross=1
Unlimit Chile-NI,Unlimit Chile,sufijo de equipo pegado al club detectado
Venimos por la Natacioán,Venimos por la Natacion,alias con tilde mal extraida detectado en PDFs historicos
Venimos por la Natacioén,Venimos por la Natacion,tilde mal extraida detectada en auditoria historica 2022-2026
Venimos por la Natacion,Venimos por la Natacion,canonical
Club DE Nat Vergara Monardes,Vergara Monardes,alias de mayusculas detectado en auditoria FCHMN 2026
Municipalidad Ciudad DE Mendoz,Ciudad de Mendoza,decision=merge desde fchmn_core_club_alias_candidates_from_identity_round2_20260502
Antofagasta Swim,Academia Antofagasta Swimming,decision=merge desde fchmn_core_club_alias_candidates_from_identity_round2_20260502
Club Ironswim,Iron Swim Master,decision=merge desde fchmn_core_club_alias_candidates_from_identity_round2_20260502
Master Triton De Rufino,Triton Master Temuco,decision=merge desde fchmn_core_club_alias_candidates_from_identity_round2_20260502
Clun Vergara Monardes,Vergara Monardes,typo detectado en PDFs historicos
Natacion Vergara Monardes,Vergara Monardes,alias detectado en PDFs historicos
Vergara Monardes,Vergara Monardes,canonical
Viluswim,Vilu Swim,athlete-year cross-competition candidate; canonical_more_descriptive_or_tie; shared=2; cross=3
Club Weyelfe,Weyelfe Master,alias detectado en auditoria historica de PDFs
Weyelfe Master,Weyelfe Master,canonical
Club Deportivo Workout,Workout,alias detectado en auditoria historica de PDFs
Workout,Workout,canonical
Workout Villa Alemana,Workout,athlete-year cross-competition candidate; expanded existing alias group from Workout; shared=9; cross=2
H20,Club H2o,decision=merge pre-suda 20260616; variante sin prefijo Club
Aqua Master Chillan,Aquamaster Chillan,decision=merge pre-suda 20260616; espacio OCR/ingreso manual
Iron Swin Master,Iron Swim Master,decision=merge pre-suda 20260616; typo Swin/Swim
Amateur Talca,Club Amateur Natacion Talca,decision=merge pre-suda 20260616; nombre abreviado
Nómades Los Ríos,Club Nomades Los Rios,decision=merge pre-suda 20260616; alias acentuado
Nomades Los Rios,Club Nomades Los Rios,decision=merge pre-suda 20260616; alias sin prefijo Club
Deportivo Natacion Constitucio,Club de Natacion Constitucion,decision=merge pre-suda 20260616; nombre truncado
Toninas de Puerto Montt,Club Toninas Pto Montt,decision=merge pre-suda 20260616; Puerto/Pto
Club Stade Frances,Stade Francais,decision=merge pre-suda 20260616; alias con prefijo Club
Providencia,Master Providencia,suda_postload_review_20260617
Estadio Espanol Las Condes,Estadio Español,suda_postload_review_20260617
Recoleta,Natacion Master Recoleta,suda_postload_review_20260617
SQUADRA,Squadra Pro Swim,suda_postload_review_20260617
Sparta,Club Sparta A C,suda_postload_review_20260617
Master San Berna,Master San Bernardo,suda_postload_review_20260617
Delfines de Las,Delfines de las Condes,suda_postload_review_20260617
Energy,Energy Swim,suda_postload_review_20260617
STADIO ITALIANO CHILE,Stadio Italiano,suda_postload_review_20260617
Master Providenc,Master Providencia,suda_postload_review_20260617
Club Deportivo Ucm,Club Deportivo UC,suda_postload_review_20260617
Natacion Ñuñoa Master,Ñuñoa Master,suda_postload_review_20260617
CD Mayor,Club Deportivo Mayor,suda_postload_review_20260617
Focas Antofagasta,Focas de Antofagasta,suda_postload_review_20260617
Autoclub,Autoclub de Antofagasta,suda_postload_review_20260617
Club Petroleros,Club Petroleros Ypf,suda_postload_review_20260617
LO Prado,Natacion Lo Prado,suda_postload_review_20260617
Los Lagos,Natacion Los Lagos,suda_postload_review_20260617
Mantarrayas,Master Mantarrayas Arica,suda_postload_review_20260617
Mendoza DE Regatas,Club Mendoza de Regatas,suda_postload_review_20260617
Olimpia,OLIMP,suda_postload_review_20260617
Orcos,Club Waterpolo Orcos Chile,suda_postload_review_20260617
Polaris,Club Polaris Puerto Varas,suda_postload_review_20260617
Vita Valdivia,Cub Vita Valdivia,suda_postload_review_20260617
Club Squadra ProSwim,Squadra Pro Swim,suda_postload_review_20260617_existing_duplicate
Polaris Puerto Varas,Club Polaris Puerto Varas,suda_postload_review_20260617_existing_duplicate
E ESPAÑOL DE LAS,Estadio Español,suda_post_sql_review_v3_20260618
- PARAIBA MASTER,FEAP - PARAIBA MASTER,suda_post_sql_review_v3_20260618
100swim,Cien por Ciento Swim,suda_post_sql_review_v3_20260618
Terrazas Miraflores,Club Terrazas Miraflores,suda_post_sql_review_v3_20260618
Club Terrazas,Club Terrazas Miraflores,suda_post_sql_review_v3_20260618
Club Terrazas Mi,Club Terrazas Miraflores,suda_post_sql_review_v3_20260618
Sin Fronteras,Ñielol Sin Fronteras,suda_post_sql_review_v3_20260618
Delfines LC,Delfines de las Condes,suda_post_sql_review_v3_20260618
Mantarryas DE Arica,Master Mantarrayas Arica,suda_post_sql_review_v3_20260618
CNSB,Master San Bernardo,suda_post_sql_review_v4_20260618
Cpypf,Club Petroleros Ypf,suda_post_sql_review_v4_20260618
"Club Master Del Nielol, Temuco",Master del Ñielol,suda_post_sql_review_v4_20260618
Coope,Cooperarios,suda_post_sql_review_v4_20260618
Clmakos,Club de Natacion Makos,suda_post_sql_review_v4_20260618
Cnaraucania,Club Natacion Araucania,suda_post_sql_review_v4_20260618
Estisrael,Estadio Israelita,suda_post_sql_review_v4_20260618
Univ.Catolica,Club Deportivo UC,suda_post_sql_review_v4_20260618
Koiko,Koiko Pedro Aguirre Cerda,suda_post_sql_review_v4_20260618
Cantalca,Club Amateur Natacion Talca,suda_post_sql_review_v4_20260618
Uruguay,Master Uruguay,suda_shared_athletes_review_v5_20260618
PERU MASTERS,PeruMasterSwim,suda_shared_athletes_review_v5_20260618
BRASIL MASTERS,BR Masters,suda_shared_athletes_review_v5_20260618
AR MASTERS,Argentina Masters,suda_shared_athletes_review_v5_20260618
Guayaquil Club,Guayaquil Tenis,suda_shared_athletes_review_v5_20260618
A3 SWIM TEAM CG/MS,A3 Swim Team,suda_shared_athletes_review_v5_20260618
Sest Senat/A3 Swim Team,A3 Swim Team,suda_shared_athletes_review_v5_20260618
Etand,Escualo Tandil,suda_shared_athletes_review_v5_20260618
MLZ,Municipalidad Lomas De Zamora,suda_shared_athletes_review_v5_20260618
LOMAS DE ZAMORA,Municipalidad Lomas De Zamora,suda_shared_athletes_review_v5_20260618
PARAGUAY M,Paraguay Master,suda_metadata_notes_merge_v6_20260618
Tijuca Tenis Clu,Tijuca Tenis Club,suda_metadata_notes_merge_v6_20260618
TIJUCA T.C.,Tijuca Tenis Club,suda_metadata_notes_merge_v6_20260618
Hogar Hispano,Hogar Hispano Valencia,suda_metadata_notes_merge_v6_20260618
Natacion Afrika,Africa Natacion,suda_metadata_notes_merge_v6_20260618
Tennis Las Terra,Club Terrazas Miraflores,suda_metadata_notes_merge_v6_20260618
